#	legacySlug	slug	category	soapType
1	rakhi-gift-box-5-items-customizable	rakhi-gift-box	gifts
2	keratin-and-more-herbal-hair-conditioner-100gm	keratin-and-more-hair-conditioner	hair
3	soap-packing-shrink-wrap-roll-4inch	soap-shrink-wrap-roll	diy-supplies
4	cold-process-cherry-blossom-soap-125gm	cherry-blossom-cold-process-soap	soaps	cold-process
5	cold-process-turmeric-and-honey-soap	turmeric-honey-cold-process-soap	soaps	cold-process
6	herbal-lavender-body-wash-100-ml	lavender-body-wash-100ml	body
7	neem-tulsi-aloevera-cold-process-soap-120gm	neem-tulsi-aloe-vera-cold-process-soap	soaps	cold-process
8	grape-blueberry-soap-200gm	grape-blueberry-mini-soaps	soaps	glycerine
9	peach-milk-herbal-moisturizer-400gm	peach-milk-moisturiser	body
10	herbal-lipbalm-base-1-kg	lip-balm-base-1kg	diy-supplies
11	herbal-lipbalm-base-100gms	lip-balm-base-100g	diy-supplies
12	anti-tan-cold-process-soap-pack-of-3	anti-tan-cold-process-soap-pack-of-3	soaps	cold-process
13	herbal-rose-soap-125gm	rose-goat-milk-soap	soaps	glycerine
14	chocolate-lipbalm-8gm	chocolate-lip-balm	lips
15	mint-lipbalm-8gm	mint-lip-balm	lips
16	skin-repair-elixir-35ml	skin-repair-elixir	face
17	blueberry-sugar-lipscrub-15gm	blueberry-sugar-lip-scrub	lips
18	herbal-blueberry-lipbalm-8gm	blueberry-lip-balm	lips
19	anti-tan-kit-pack-of-5-summer-essentials-product	anti-tan-summer-kit	gifts
20	cold-process-charcoal-lemon-soap-100gms-pack-of-2	charcoal-lemon-cold-process-soap-pack-of-2	soaps	cold-process
21	pure-aloevera-gel-100gm	aloe-vera-gel-100g	face
22	anti-tan-cold-process-soap-120-gms	anti-tan-cold-process-soap	soaps	cold-process
23	transparent-glycerine-soap-base-1-kg-i-no-sulphate-i-no-paraben	transparent-glycerine-soap-base-1kg	diy-supplies
24	goat-milk-soap-base-1kg-i-no-sulphate-i-no-paraben	goat-milk-soap-base-1kg	diy-supplies
25	after-holi-skincare-kit-pack-of-4-products	skin-repair-kit	gifts
26	herbal-handmade-vanilla-lipbalm-8gm	vanilla-lip-balm	lips
27	pack-of-rosemary-shampoo-keratin-conditioner	rosemary-shampoo-keratin-conditioner-duo	hair
28	herbal-rosemary-shampoo-400-ml	rosemary-shampoo-400ml	hair
29	herbal-lavender-body-wash-400-ml	lavender-body-wash-400ml	body
30	anti-acne-whipped-face-wash	anti-acne-whipped-face-wash	face
31	orange-whipped-body-butter-50-gm	saffron-shine-body-butter	body
32	orange-lipbalm-08gm	orange-lip-balm	lips
33	skin-brightening-ubtan-powder-100-gm	ubtan-powder-18-herbs	face
34	pure-alovera-gel	aloe-vera-gel-vitamin-e	face
35	cold-process-rose-soap-125gm	rose-cold-process-soap	soaps	cold-process
36	cold-process-lavender-soap-125-gm	lavender-cold-process-soap	soaps	cold-process
37	sunshield-sunscreen	sunshield-sunscreen-spf-50	face
38	pavitra-snan-soap	pavitra-snan-soap	soaps	glycerine
39	spirulina-soap	spirulina-soap	soaps	glycerine
40	rose-soap	rose-petal-soap	soaps	glycerine
41	haldi-chandan-soap	haldi-chandan-soap	soaps	glycerine
42	neem-soap	neem-soap	soaps	glycerine
43	redwine-soap	red-wine-soap	soaps	glycerine
44	aloevera-soap	aloe-vera-soap	soaps	glycerine
45	charcoal-and-mint-soap	charcoal-mint-soap	soaps	glycerine
46	chocolate-soap	chocolate-soap	soaps	glycerine
47	coffee-soap	coffee-cold-process-soap	soaps	cold-process
48	tulsi-soap	tulsi-soap	soaps	glycerine
49	turmeric-soap	turmeric-soap	soaps	glycerine
50	sea-buckthorn-soap	sea-buckthorn-soap	soaps	glycerine
51	orange-soap	orange-soap	soaps	glycerine
52	papaya-soap	papaya-soap	soaps	glycerine
53	berry-blast-soap	berry-blast-soap	soaps	glycerine
54	calendula-soap	calendula-soap	soaps	glycerine
55	chamomile-soap	chamomile-soap	soaps	glycerine
56	cucumber-soap	cucumber-soap	soaps	glycerine
57	lemon-soap	lemon-soap	soaps	glycerine
58	sandalwood-soap	sandalwood-soap	soaps	glycerine
59	mogra-soap	mogra-soap	soaps	glycerine
60	lavender-soap	lavender-glycerine-soap	soaps	glycerine
61	pure-coconut-soap	coconut-soap	soaps	glycerine
62	goat-milk-soap	goat-milk-soap	soaps	glycerine
63	donkey-milk-soap	donkey-milk-soap	soaps	glycerine
64	mix-fruit-soap	mixed-fruit-soap	soaps	glycerine
65	yoni-care-soap	yoni-care-soap	soaps	glycerine
66	rosemery-soap	rosemary-soap	soaps	glycerine
67	tea-tree-oil-soap	tea-tree-soap	soaps	glycerine
68	loofha-tomato-soap	loofah-tomato-soap	soaps	glycerine
69	jasmin-soap	jasmine-soap	soaps	glycerine
70	patchouli-soap	patchouli-soap	soaps	glycerine
71	moringa-soap	moringa-soap	soaps	glycerine
72	watermelon-soap	watermelon-soap	soaps	glycerine
73	oatmeal-honey-soap	oatmeal-honey-soap	soaps	glycerine
74	green-apple-soap-1	green-apple-soap	soaps	glycerine
75	neem-tulsi-soap	neem-tulsi-soap	soaps	glycerine
76	anti-acne-neem-tulsi-tea-tree-oil-soap	anti-acne-neem-tulsi-tea-tree-soap	soaps	glycerine
77	camel-milk-soap	camel-milk-soap	soaps	glycerine
78	vitamin-c-soap	vitamin-c-soap	soaps	glycerine
79	anti-pigmentation-cream	anti-pigmentation-cream	face
80	vitamin-c-face-serum	vitamin-c-aloe-vera-face-serum	face
81	beetroot-lip-balm	beetroot-lip-balm	lips
